{
  "steering_shift": {
    "mean_l2_shift": 27.150056838989258,
    "std_l2_shift": 3.814697265625e-06,
    "median_l2_shift": 27.150053024291992,
    "max_l2_shift": 27.150053024291992,
    "mean_cosine_similarity": 0.7104364037513733,
    "std_cosine_similarity": 0.014963600784540176,
    "min_cosine_similarity": 0.6657660603523254
  },
  "distance_to_correct_before_steering": {
    "mean_l2": 17.015625,
    "std_l2": 3.517578125,
    "median_l2": 16.875,
    "mean_cosine_similarity": 0.8525390625,
    "std_cosine_similarity": 0.06146240234375
  },
  "distance_to_correct_after_steering": {
    "mean_l2": 32.37122344970703,
    "std_l2": 2.3506009578704834,
    "median_l2": 32.161094665527344,
    "mean_cosine_similarity": 0.5721051692962646,
    "std_cosine_similarity": 0.06440195441246033
  },
  "improvement": {
    "mean_l2_reduction": -15.358020782470703,
    "mean_cosine_improvement": -0.2802678942680359
  }
}