{
  "mean_l2_shift": 21.984375,
  "std_l2_shift": 0.0,
  "median_l2_shift": 21.984375,
  "max_l2_shift": 21.984375,
  "mean_cosine_similarity": 0.6426016758980375,
  "std_cosine_similarity": 0.016267215645676205,
  "min_cosine_similarity": 0.6092254133923546
}