{
  "steering_shift": {
    "mean_l2_shift": 32.6875,
    "std_l2_shift": 0.0,
    "median_l2_shift": 32.6875,
    "max_l2_shift": 32.6875,
    "mean_cosine_similarity": 0.6991116596286621,
    "std_cosine_similarity": 0.015524888993353556,
    "min_cosine_similarity": 0.6616303583931017
  },
  "distance_to_correct_before_steering": {
    "mean_l2": 20.0625,
    "std_l2": 4.14453125,
    "median_l2": 20.15625,
    "mean_cosine_similarity": 0.8492871577874322,
    "std_cosine_similarity": 0.059685606532103315
  },
  "distance_to_correct_after_steering": {
    "mean_l2": 38.40625,
    "std_l2": 2.5,
    "median_l2": 38.0625,
    "mean_cosine_similarity": 0.5743237462068742,
    "std_cosine_similarity": 0.05421783083049483
  },
  "improvement": {
    "mean_l2_reduction": -18.359375,
    "mean_cosine_improvement": -0.274963411580558
  }
}